Symbol,Name,LastSale,MarketCap,IPOyear,Sector,industry,Summary Quote,
XXII,22nd Century Group Inc,1.19,$84.34M,n/a,Consumer Non-Durables,Farming/Seeds/Milling,http://www.nasdaq.com/symbol/xxii,
FAX,Aberdeen Asia-Pacific Income Fund Inc,4.74,$1.26B,1986,n/a,n/a,http://www.nasdaq.com/symbol/fax,
IAF,Aberdeen Australia Equity Fund Inc,5.75,$131.9M,n/a,n/a,n/a,http://www.nasdaq.com/symbol/iaf,
CH,Aberdeen Chile Fund Inc.,6.29,$59.04M,n/a,n/a,n/a,http://www.nasdaq.com/symbol/ch,
ABE           ,Aberdeen Emerging Markets Smaller Company Opportunities Fund I,11.5,$112.29M,n/a,n/a,n/a,http://www.nasdaq.com/symbol/abe           ,
FCO,Aberdeen Global Income Fund Inc.,8.04,$72.41M,1992,n/a,n/a,http://www.nasdaq.com/symbol/fco,
IF,Aberdeen Indonesia Fund Inc.,6,$56.91M,1990,n/a,n/a,http://www.nasdaq.com/symbol/if,
ISL,Aberdeen Israel Fund Inc.,17.68,$71.38M,1992,n/a,n/a,http://www.nasdaq.com/symbol/isl,
ACU,Acme United Corporation.,17.54,$58.69M,1988,Capital Goods,Industrial Machinery/Components,http://www.nasdaq.com/symbol/acu,
AIII,ACRE Realty Investors Inc.,1.33,$26.69M,n/a,Consumer Services,Real Estate Investment Trusts,http://www.nasdaq.com/symbol/aiii,
ATNM,Actinium Pharmaceuticals Inc.,2.28,$92.65M,n/a,Health Care,Major Pharmaceuticals,http://www.nasdaq.com/symbol/atnm,
AE,Adams Resources & Energy Inc.,42.88,$180.85M,n/a,Energy,Oil Refining/Marketing,http://www.nasdaq.com/symbol/ae,
ADK,Adcare Health Systems Inc,3.24,$64.41M,n/a,Health Care,Hospital/Nursing Management,http://www.nasdaq.com/symbol/adk,
ADK^A,Adcare Health Systems Inc,21.5,n/a,n/a,n/a,n/a,http://www.nasdaq.com/symbol/adk^a,
ACY,AeroCentury Corp.,9.65,$14.89M,n/a,Technology,Diversified Commercial Services,http://www.nasdaq.com/symbol/acy,
WGA,AG&E Holdings Inc.,0.46,$5.37M,n/a,Technology,Radio And Television Broadcasting And Communications Equipment,http://www.nasdaq.com/symbol/wga,
AIRI,Air Industries Group,8.872,$67.07M,n/a,Capital Goods,Military/Government/Technical,http://www.nasdaq.com/symbol/airi,
AA^,Alcoa Inc.,86.89,n/a,n/a,Capital Goods,Metal Fabrications,http://www.nasdaq.com/symbol/aa^,
AXX,Alderon Iron Ore Corp.,0.1387,$18.33M,n/a,Basic Industries,Precious Metals,http://www.nasdaq.com/symbol/axx,
AXU,Alexco Resource Corp,0.5,$34.79M,n/a,Basic Industries,Precious Metals,http://www.nasdaq.com/symbol/axu,
AAU,Almaden Minerals Ltd.,0.57,$41.69M,2015,Basic Industries,Precious Metals,http://www.nasdaq.com/symbol/aau,
APT,Alpha Pro Tech Ltd.,2.13,$39.16M,n/a,Health Care,Industrial Specialties,http://www.nasdaq.com/symbol/apt,
ALTV,Alteva (D/B/A),4.49,$26.94M,n/a,Public Utilities,Telecommunications Equipment,http://www.nasdaq.com/symbol/altv,
AAMC,Altisource Asset Management Corp,29.8,$65.78M,n/a,Finance,Real Estate,http://www.nasdaq.com/symbol/aamc,
DIT,AMCON Distributing Company,85,$52.34M,n/a,Consumer Non-Durables,Food Distributors,http://www.nasdaq.com/symbol/dit,
ADGE,American DG Energy Inc.,0.5655,$28.66M,n/a,Public Utilities,Power Generation,http://www.nasdaq.com/symbol/adge,
ALN,American Lorain Corporation,1.06,$40.56M,n/a,Consumer Non-Durables,Packaged Foods,http://www.nasdaq.com/symbol/aln,
AMS,American Shared Hospital Services,1.85,$9.92M,n/a,Health Care,Medical Specialities,http://www.nasdaq.com/symbol/ams,
AMPE,Ampio Pharmaceuticals Inc.,3.06,$159.11M,n/a,Health Care,Major Pharmaceuticals,http://www.nasdaq.com/symbol/ampe,
APHB,AmpliPhi Biosciences Corporation,6.38,$36.9M,n/a,Health Care,Biotechnology: Biological Products (No Diagnostic Substances),http://www.nasdaq.com/symbol/aphb,
AXN,Aoxing Pharmaceutical Company Inc.,1.51,$108.98M,n/a,Health Care,Major Pharmaceuticals,http://www.nasdaq.com/symbol/axn,
AMCO,Armco Metals Holdings Inc.,0.27,$2.21M,n/a,Consumer Durables,Steel/Iron Ore,http://www.nasdaq.com/symbol/amco,
HRT,Arrhythmia Research Technology Inc.,6.2,$17.28M,n/a,Health Care,Biotechnology: Electromedical & Electrotherapeutic Apparatus,http://www.nasdaq.com/symbol/hrt,
AKG,Asanko Gold Inc.,1.74,$342.77M,n/a,Basic Industries,Mining & Quarrying of Nonmetallic Minerals (No Fuels),http://www.nasdaq.com/symbol/akg,
AINC,Ashford Inc.,66.75,$132.82M,2014,Consumer Services,Professional Services,http://www.nasdaq.com/symbol/ainc,
ASB.WS,Associated Banc-Corp,n/a,n/a,n/a,n/a,n/a,http://www.nasdaq.com/symbol/asb.ws,
AST,Asterias Biotherapeutics Inc.,4.94,$185.75M,n/a,Health Care,Biotechnology: Biological Products (No Diagnostic Substances),http://www.nasdaq.com/symbol/ast,
AWX,Avalon Holdings Corporation,1.98,$7.53M,n/a,Public Utilities,Environmental Services,http://www.nasdaq.com/symbol/awx,
AVL,Avalon Rare Metals Inc.,0.0945,$14.44M,n/a,Basic Industries,Precious Metals,http://www.nasdaq.com/symbol/avl,
ASM,Avino Silver,1.11,$40.75M,n/a,Basic Industries,Precious Metals,http://www.nasdaq.com/symbol/asm,
BTG,B2Gold Corp,1.3,$1.2B,n/a,Basic Industries,Precious Metals,http://www.nasdaq.com/symbol/btg,
BTN,Ballantyne Strong Inc,4.45,$62.91M,n/a,Miscellaneous,Industrial Machinery/Components,http://www.nasdaq.com/symbol/btn,
BKJ,Bancorp of New Jersey Inc,11.61,$72.45M,n/a,Finance,Major Banks,http://www.nasdaq.com/symbol/bkj,
BCV,Bancroft Fund Limited,19.38,$99.44M,n/a,n/a,n/a,http://www.nasdaq.com/symbol/bcv,
BAA,BANRO CORPORATION,0.2106,$53.1M,n/a,Basic Industries,Precious Metals,http://www.nasdaq.com/symbol/baa,
BHB,Bar Harbor Bankshares Inc.,32.8,$196.45M,n/a,Finance,Major Banks,http://www.nasdaq.com/symbol/bhb,
BRN,Barnwell Industries Inc.,2.21,$18.29M,n/a,Energy,Oil & Gas Production,http://www.nasdaq.com/symbol/brn,
BIR^A.CL,Berkshire Income Realty Inc.,n/a,n/a,n/a,n/a,n/a,http://www.nasdaq.com/symbol/bir^a.cl,
BGSF,BG Staffing Inc,11.6454,$86.05M,n/a,Technology,Professional Services,http://www.nasdaq.com/symbol/bgsf,
BPMX,BioPharmX Corporation,1.22,$25.63M,2015,Basic Industries,Engineering & Construction,http://www.nasdaq.com/symbol/bpmx,
BTX,BioTime Inc.,3.87,$322.3M,n/a,Health Care,Biotechnology: Biological Products (No Diagnostic Substances),http://www.nasdaq.com/symbol/btx,
BTX.WS,BioTime Inc.,n/a,n/a,n/a,n/a,n/a,http://www.nasdaq.com/symbol/btx.ws,
BGI,Birks Group Inc.,0.83,$8.5M,n/a,Consumer Services,Consumer Specialties,http://www.nasdaq.com/symbol/bgi,
BZM,BlackRock Maryland Municipal Bond Trust,14.88,$30.87M,2002,n/a,n/a,http://www.nasdaq.com/symbol/bzm,
MHE,BlackRock Massachusetts Tax-Exempt Trust,13.42,$31.73M,1993,n/a,n/a,http://www.nasdaq.com/symbol/mhe,
BLE,BlackRock Municipal Income Trust II,14.9,$349.71M,2002,n/a,n/a,http://www.nasdaq.com/symbol/ble,
BLJ,Blackrock New Jersey Municipal Bond Trust,14.28,$33.2M,2002,n/a,n/a,http://www.nasdaq.com/symbol/blj,
BFY,BlackRock New York Municipal Income Trust II,14.4003,$71.99M,2002,n/a,n/a,http://www.nasdaq.com/symbol/bfy,
BHV,BlackRock Virginia Municipal Bond Trust,16.63,$26.47M,2002,n/a,n/a,http://www.nasdaq.com/symbol/bhv,
BDR,Blonder Tongue Laboratories Inc.,0.6664,$4.17M,n/a,Technology,Radio And Television Broadcasting And Communications Equipment,http://www.nasdaq.com/symbol/bdr,
BRG,Bluerock Residential Growth REIT Inc.,12.32,$240.92M,2014,Consumer Services,Real Estate Investment Trusts,http://www.nasdaq.com/symbol/brg,
BVX,Bovie Medical Corporation,2.08,$56.56M,n/a,Health Care,Medical/Dental Instruments,http://www.nasdaq.com/symbol/bvx,
BWL.A,Bowl America Inc.,n/a,n/a,n/a,n/a,n/a,http://www.nasdaq.com/symbol/bwl.a,
BZC,Breeze-Eastern Corporation,16.9,$166.62M,n/a,Capital Goods,Military/Government/Technical,http://www.nasdaq.com/symbol/bzc,
BTI,British American Tobacco p.l.c.,118.43,$110.39B,n/a,Consumer Non-Durables,Farming/Seeds/Milling,http://www.nasdaq.com/symbol/bti,
CANF,Can-Fite Biopharma Ltd,4.15,$44.23M,n/a,Health Care,Major Pharmaceuticals,http://www.nasdaq.com/symbol/canf,
ROX,Castle Brands Inc.,1.36,$217.37M,2006,Consumer Non-Durables,Beverages (Production/Distribution),http://www.nasdaq.com/symbol/rox,
CAW,CCA Industries Inc.,3.35,$23.47M,n/a,Consumer Non-Durables,Package Goods/Cosmetics,http://www.nasdaq.com/symbol/caw,
CVM,Cel-Sci Corporation,0.7175,$80.42M,n/a,Health Care,Biotechnology: Biological Products (No Diagnostic Substances),http://www.nasdaq.com/symbol/cvm,
CVM.WS,Cel-Sci Corporation,n/a,n/a,n/a,n/a,n/a,http://www.nasdaq.com/symbol/cvm.ws,
CEF,Central Fund of Canada Limited,11.59,$2.95B,n/a,n/a,n/a,http://www.nasdaq.com/symbol/cef,
GTU,Central Gold Trust,41.56,$802.07M,n/a,n/a,n/a,http://www.nasdaq.com/symbol/gtu,
CET,Central Securities Corporation,20.41,$496.18M,n/a,n/a,n/a,http://www.nasdaq.com/symbol/cet,
LEU,Centrus Energy Corp.,3.06,$27.54M,2014,Basic Industries,Mining & Quarrying of Nonmetallic Minerals (No Fuels),http://www.nasdaq.com/symbol/leu,
CCF,Chase Corporation,41.7,$383.59M,n/a,Consumer Durables,Building Products,http://www.nasdaq.com/symbol/ccf,
CQH,Cheniere Energy Partners LP Holdings LLC,20.37,$4.72B,2013,Public Utilities,Oil/Gas Transmission,http://www.nasdaq.com/symbol/cqh,
CQP,Cheniere Energy Partners LP,29.35,$9.91B,2007,Public Utilities,Oil/Gas Transmission,http://www.nasdaq.com/symbol/cqp,
LNG,Cheniere Energy Inc.,47.89,$11.33B,n/a,Public Utilities,Oil/Gas Transmission,http://www.nasdaq.com/symbol/lng,
CVR,Chicago Rivet & Machine Co.,26.94,$26.03M,n/a,Technology,Industrial Machinery/Components,http://www.nasdaq.com/symbol/cvr,
CNR,China Metro-Rural Holdings Limited,0.8953,$65.84M,n/a,Finance,Real Estate,http://www.nasdaq.com/symbol/cnr,
CPHI,China Pharma Holdings Inc.,0.1899,$8.28M,n/a,Health Care,Major Pharmaceuticals,http://www.nasdaq.com/symbol/cphi,
CKX,CKX Lands Inc.,11.34,$22.03M,n/a,Energy,Oil & Gas Production,http://www.nasdaq.com/symbol/ckx,
GLV,Clough Global Allocation Fund,13.54,$141.23M,2004,n/a,n/a,http://www.nasdaq.com/symbol/glv,
GLQ,Clough Global Equity Fund,13.1,$233.43M,2005,n/a,n/a,http://www.nasdaq.com/symbol/glq,
GLO,Clough Global Opportunities Fund,11.29,$583.7M,2006,n/a,n/a,http://www.nasdaq.com/symbol/glo,
MOC,Command Security Corporation,1.93,$18.79M,n/a,Consumer Services,Diversified Commercial Services,http://www.nasdaq.com/symbol/moc,
CIX,CompX International Inc.,11.7,$145.21M,1998,Capital Goods,Industrial Machinery/Components,http://www.nasdaq.com/symbol/cix,
LODE,Comstock Mining Inc.,0.6,$55.59M,n/a,Basic Industries,Precious Metals,http://www.nasdaq.com/symbol/lode,
CTO,Consolidated-Tomoka Land Co.,50.75,$304.21M,n/a,Finance,Real Estate,http://www.nasdaq.com/symbol/cto,
MCF,Contango Oil & Gas Company,9.81,$190.51M,n/a,Energy,Oil & Gas Production,http://www.nasdaq.com/symbol/mcf,
CUO,Continental Materials Corporation,12.9035,$21.45M,n/a,Capital Goods,Building Materials,http://www.nasdaq.com/symbol/cuo,
CMT,Core Molding Technologies Inc,19.16,$147.7M,n/a,Consumer Non-Durables,Plastic Products,http://www.nasdaq.com/symbol/cmt,
CVRS,Corindus Vascular Robotics Inc.,3.32,$393.53M,2015,Health Care,Medical/Dental Instruments,http://www.nasdaq.com/symbol/cvrs,
CRMD,CorMedix Inc,2.44,$83.53M,n/a,Health Care,Major Pharmaceuticals,http://www.nasdaq.com/symbol/crmd,
CRF,Cornerstone Strategic Return Fund Inc. (The),17.01,$76.99M,n/a,n/a,n/a,http://www.nasdaq.com/symbol/crf,
CLM,Cornerstone Strategic Value Fund Inc.,16.27,$342.66M,1987,n/a,n/a,http://www.nasdaq.com/symbol/clm,
CVU,CPI Aerostructures Inc.,8.8,$75.37M,n/a,Capital Goods,Military/Government/Technical,http://www.nasdaq.com/symbol/cvu,
CIK,Credit Suisse Asset Management Income Fund Inc.,2.9,$151.55M,n/a,n/a,n/a,http://www.nasdaq.com/symbol/cik,
DHY,Credit Suisse High Yield Bond Fund,2.38,$237.75M,1998,n/a,n/a,http://www.nasdaq.com/symbol/dhy,
CRHM,CRH Medical Corporation,2.8,$196.07M,2015,Health Care,Medical/Dental Instruments,http://www.nasdaq.com/symbol/crhm,
CRVP,Crystal Rock Holdings Inc.,0.67,$14.31M,n/a,Consumer Non-Durables,Food Distributors,http://www.nasdaq.com/symbol/crvp,
CVSL,CVSL Inc.,1.72,$59.11M,2014,Consumer Services,Other Consumer Services,http://www.nasdaq.com/symbol/cvsl,
DAKP,Dakota Plains Holdings Inc.,0.58,$31.96M,n/a,Energy,Oil Refining/Marketing,http://www.nasdaq.com/symbol/dakp,
DXR,Daxor Corporation,8.75,$33.82M,n/a,Health Care,Medical/Dental Instruments,http://www.nasdaq.com/symbol/dxr,
DEJ,Dejour Energy Inc.,0.1365,$24.91M,n/a,Energy,Oil & Gas Production,http://www.nasdaq.com/symbol/dej,
VCF,Delaware Investments Colorado Municipal Income Fund Inc,14.679,$71M,1993,Consumer Services,Miscellaneous,http://www.nasdaq.com/symbol/vcf,
VFL,Delaware Investments Florida Insured Municipal Income Fund,12.9,$58.42M,1993,n/a,n/a,http://www.nasdaq.com/symbol/vfl,
VMM,Delaware Investments Minnesota Municipal Income Fund II Inc.,13.2,$151.87M,1993,n/a,n/a,http://www.nasdaq.com/symbol/vmm,
DLA,Delta Apparel Inc.,16.56,$129.98M,n/a,Consumer Non-Durables,Apparel,http://www.nasdaq.com/symbol/dla,
DNN,Denison Mine Corp,0.5276,$273.53M,n/a,Basic Industries,Precious Metals,http://www.nasdaq.com/symbol/dnn,
DGSE,DGSE Companies Inc.,0.45,$5.53M,n/a,Consumer Services,Consumer Specialties,http://www.nasdaq.com/symbol/dgse,
DPW,Digital Power Corporation,0.632,$4.28M,n/a,Capital Goods,Industrial Machinery/Components,http://www.nasdaq.com/symbol/dpw,
DSS,Document Security Systems Inc.,0.214,$9.91M,n/a,Consumer Durables,Containers/Packaging,http://www.nasdaq.com/symbol/dss,
DMF,Dreyfus Municipal Income Inc.,9.36,$193.93M,1988,n/a,n/a,http://www.nasdaq.com/symbol/dmf,
GRF,Eagle Capital Growth Fund Inc.,7.7,$24.06M,n/a,n/a,n/a,http://www.nasdaq.com/symbol/grf,
ESTE,Earthstone Energy Inc.,15.1,$208.91M,n/a,Energy,Oil & Gas Production,http://www.nasdaq.com/symbol/este,
EVM,Eaton Vance California Municipal Bond Fund,11.84,$253.27M,2002,n/a,n/a,http://www.nasdaq.com/symbol/evm,
EIA,Eaton Vance California Municipal Bond Fund II,12.51,$48.61M,2002,n/a,n/a,http://www.nasdaq.com/symbol/eia,
CEV,Eaton Vance California Municipal Income Trust,12.97,$94.09M,1999,n/a,n/a,http://www.nasdaq.com/symbol/cev,
EVV,Eaton Vance Limited Duration Income Fund,12.95,$1.52B,2003,n/a,n/a,http://www.nasdaq.com/symbol/evv,
MAB,Eaton Vance Massachusetts Municipal Bond Fund,14.24,$25.18M,2002,n/a,n/a,http://www.nasdaq.com/symbol/mab,
MMV,Eaton Vance Massachusetts Municipal Income Trust,14.02,$38.37M,1999,n/a,n/a,http://www.nasdaq.com/symbol/mmv,
MIW,Eaton Vance Michigan Municipal Bond Fund,13.508,$20.26M,2002,n/a,n/a,http://www.nasdaq.com/symbol/miw,
EMI,Eaton Vance Michigan Municipal Income Trust,12.4844,$25.39M,1999,n/a,n/a,http://www.nasdaq.com/symbol/emi,
EIM,Eaton Vance Municipal Bond Fund,12.75,$869.15M,2002,n/a,n/a,http://www.nasdaq.com/symbol/eim,
EIV,Eaton Vance Municipal Bond Fund II,12.56,$125.77M,2002,n/a,n/a,http://www.nasdaq.com/symbol/eiv,
EMJ,Eaton Vance New Jersey Municipal Bond Fund,13.81,$35.61M,2002,n/a,n/a,http://www.nasdaq.com/symbol/emj,
EVJ,Eaton Vance New Jersey Municipal Income Trust,12.0911,$56.15M,1999,n/a,n/a,http://www.nasdaq.com/symbol/evj,
ENX,Eaton Vance New York Municipal Bond Fund,12.64,$197.92M,2002,n/a,n/a,http://www.nasdaq.com/symbol/enx,
NYH,Eaton Vance New York Municipal Bond Fund II,12.32,$31.49M,2002,n/a,n/a,http://www.nasdaq.com/symbol/nyh,
EVY,Eaton Vance New York Municipal Income Trust,13.4466,$73.62M,1999,n/a,n/a,http://www.nasdaq.com/symbol/evy,
EIO,Eaton Vance Ohio Municipal Bond Fund,12.6531,$32.1M,2002,n/a,n/a,http://www.nasdaq.com/symbol/eio,
EVO,Eaton Vance Ohio Municipal Income Trust,13.4955,$38.56M,1999,n/a,n/a,http://www.nasdaq.com/symbol/evo,
EIP,Eaton Vance Pennsylvania Municipal Bond Fund,12.32,$36.47M,2002,n/a,n/a,http://www.nasdaq.com/symbol/eip,
EVP,Eaton Vance Pennsylvania Municipal Income Trust,11.99,$31.8M,1999,n/a,n/a,http://www.nasdaq.com/symbol/evp,
ELMD,Electromed Inc.,1.8,$14.69M,2011,Health Care,Biotechnology: Electromedical & Electrotherapeutic Apparatus,http://www.nasdaq.com/symbol/elmd,
ETAK,Elephant Talk Communications Corp.,0.49,$78.64M,n/a,Technology,EDP Services,http://www.nasdaq.com/symbol/etak,
ELLO,Ellomay Capital Ltd.,9.07,$97.19M,n/a,Public Utilities,Electric Utilities: Central,http://www.nasdaq.com/symbol/ello,
ECF,Ellsworth Growth and Income Fund Ltd.,8.2461,$107.65M,1986,n/a,n/a,http://www.nasdaq.com/symbol/ecf,
EMAN,eMagin Corporation,2.25,$57.26M,n/a,Technology,Semiconductors,http://www.nasdaq.com/symbol/eman,
EOX,Emerald Oil Inc.,2.04,$16.03M,n/a,Energy,Oil & Gas Production,http://www.nasdaq.com/symbol/eox,
MSN,Emerson Radio Corporation,1.23,$33.37M,n/a,Consumer Non-Durables,Consumer Electronics/Appliances,http://www.nasdaq.com/symbol/msn,
UUUU,Energy Fuels Inc,3.31,$149.52M,n/a,Basic Industries,Mining & Quarrying of Nonmetallic Minerals (No Fuels),http://www.nasdaq.com/symbol/uuuu,
ENRJ,EnerJex Resources Inc.,0.83,$6.99M,n/a,Energy,Oil & Gas Production,http://www.nasdaq.com/symbol/enrj,
ENRJ^,EnerJex Resources Inc.,8.025,n/a,n/a,n/a,n/a,http://www.nasdaq.com/symbol/enrj^,
ENSV,ENSERVCO Corporation,0.846,$32.24M,n/a,Energy,Oilfield Services/Equipment,http://www.nasdaq.com/symbol/ensv,
ESNC,EnSync Inc.,0.55,$25.92M,n/a,Public Utilities,Electric Utilities: Central,http://www.nasdaq.com/symbol/esnc,
EGI,Entree Gold Inc,0.267,$39.25M,n/a,Basic Industries,Precious Metals,http://www.nasdaq.com/symbol/egi,
EVI,EnviroStarm Inc.,4.16,$29.26M,n/a,Consumer Services,Other Consumer Services,http://www.nasdaq.com/symbol/evi,
ERB,ERBA Diagnostics Inc.,2.04,$89.94M,n/a,Health Care,Major Pharmaceuticals,http://www.nasdaq.com/symbol/erb,
ERN,Erin Energy Corp.,4.78,$1.01B,n/a,Energy,Oil & Gas Production,http://www.nasdaq.com/symbol/ern,
ESP,Espey Mfg. & Electronics Corp.,25.2,$59.56M,n/a,Capital Goods,Industrial Machinery/Components,http://www.nasdaq.com/symbol/esp,
EMXX,Eurasian Minerals Inc.,0.5459,$40.14M,n/a,Basic Industries,Precious Metals,http://www.nasdaq.com/symbol/emxx,
EVBN,Evans Bancorp Inc.,25,$106.08M,n/a,Finance,Major Banks,http://www.nasdaq.com/symbol/evbn,
EPM,Evolution Petroleum Corporation Inc.,6.83,$223.15M,n/a,Energy,Oil & Gas Production,http://www.nasdaq.com/symbol/epm,
EPM^A,Evolution Petroleum Corporation Inc.,26,n/a,n/a,n/a,n/a,http://www.nasdaq.com/symbol/epm^a,
XRA,Exeter Resource Corporation,0.37,$32.71M,n/a,Basic Industries,Mining & Quarrying of Nonmetallic Minerals (No Fuels),http://www.nasdaq.com/symbol/xra,
FPP,FieldPoint Petroleum Corporation,1.63,$14.47M,n/a,Energy,Oil & Gas Production,http://www.nasdaq.com/symbol/fpp,
FPP.WS,FieldPoint Petroleum Corporation,n/a,n/a,n/a,n/a,n/a,http://www.nasdaq.com/symbol/fpp.ws,
FEN,First Trust Energy Income and Growth Fund,28.74,$556.27M,2004,n/a,n/a,http://www.nasdaq.com/symbol/fen,
FWV,First West Virginia Bancorp Inc.,20,$34.57M,n/a,Finance,Major Banks,http://www.nasdaq.com/symbol/fwv,
BDL,Flanigan&#39;s Enterprises Inc.,27,$50.18M,n/a,Consumer Services,Restaurants,http://www.nasdaq.com/symbol/bdl,
FSI,Flexible Solutions International Inc.,0.8,$10.54M,n/a,Basic Industries,Major Chemicals,http://www.nasdaq.com/symbol/fsi,
FTF,Franklin Limited Duration Income Trust,11.13,$298.68M,2003,n/a,n/a,http://www.nasdaq.com/symbol/ftf,
FSP,Franklin Street Properties Corp.,11.63,$1.17B,n/a,Consumer Services,Real Estate Investment Trusts,http://www.nasdaq.com/symbol/fsp,
FRD,Friedman Industries Inc.,6,$40.8M,n/a,Capital Goods,Steel/Iron Ore,http://www.nasdaq.com/symbol/frd,
GGN,GAMCO Global Gold Natural Reources & Income Trust ,5.74,$647.06M,2005,n/a,n/a,http://www.nasdaq.com/symbol/ggn,
GGN^B,GAMCO Global Gold Natural Reources & Income Trust ,21.69,n/a,n/a,n/a,n/a,http://www.nasdaq.com/symbol/ggn^b,
EGAS,Gas Natural Inc.,8.97,$94.18M,n/a,Public Utilities,Oil/Gas Transmission,http://www.nasdaq.com/symbol/egas,
GST,Gastar Exploration Inc.,1.68,$134.64M,n/a,Energy,Oil & Gas Production,http://www.nasdaq.com/symbol/gst,
GST^A,Gastar Exploration Inc.,15.56,n/a,n/a,n/a,n/a,http://www.nasdaq.com/symbol/gst^a,
GST^B,Gastar Exploration Inc.,17.91,n/a,n/a,n/a,n/a,http://www.nasdaq.com/symbol/gst^b,
JOB,General Employment Enterprises Inc.,6.69,$59.48M,n/a,Technology,Diversified Commercial Services,http://www.nasdaq.com/symbol/job,
GMO,General Moly Inc,0.35,$31.83M,n/a,Basic Industries,Precious Metals,http://www.nasdaq.com/symbol/gmo,
GIG,GigOptix Inc.,1.97,$65.15M,n/a,Technology,Semiconductors,http://www.nasdaq.com/symbol/gig,
GSB,GlobalSCAPE Inc.,3.32,$69.29M,n/a,Technology,Computer Software: Prepackaged Software,http://www.nasdaq.com/symbol/gsb,
GSAT,Globalstar Inc.,1.86,$1.91B,2006,Consumer Services,Telecommunications Equipment,http://www.nasdaq.com/symbol/gsat,
GLOW,Glowpoint Inc.,0.5,$17.83M,n/a,Public Utilities,Telecommunications Equipment,http://www.nasdaq.com/symbol/glow,
GORO,Gold Resource Corporation,3,$162.54M,n/a,Basic Industries,Precious Metals,http://www.nasdaq.com/symbol/goro,
GSV,Gold Standard Ventures Corporation,0.4076,$68.38M,n/a,Basic Industries,Mining & Quarrying of Nonmetallic Minerals (No Fuels),http://www.nasdaq.com/symbol/gsv,
AUMN,Golden Minerals Company,0.337,$17.92M,n/a,Basic Industries,Precious Metals,http://www.nasdaq.com/symbol/aumn,
GSS,Golden Star Resources Ltd,0.26,$67.57M,n/a,Basic Industries,Precious Metals,http://www.nasdaq.com/symbol/gss,
GV,Goldfield Corporation (The),1.65,$41.99M,n/a,Basic Industries,Water Supply,http://www.nasdaq.com/symbol/gv,
GRC,Gorman-Rupp Company (The),25.65,$673.57M,n/a,Capital Goods,Fluid Controls,http://www.nasdaq.com/symbol/grc,
GTE,Gran Tierra Energy Inc.,2.59,$714.96M,n/a,Energy,Oil & Gas Production,http://www.nasdaq.com/symbol/gte,
GPL,Great Panther Silver Limited,0.5517,$78.18M,n/a,Basic Industries,Precious Metals,http://www.nasdaq.com/symbol/gpl,
GRH,GreenHunter Resources Inc.,0.43,$18.18M,n/a,Basic Industries,Major Chemicals,http://www.nasdaq.com/symbol/grh,
GRH^C,GreenHunter Resources Inc.,5.45,n/a,n/a,n/a,n/a,http://www.nasdaq.com/symbol/grh^c,
SIM,Grupo Simec S.A. de C.V.,8.65,$1.44B,1993,Basic Industries,Steel/Iron Ore,http://www.nasdaq.com/symbol/sim,
GVP,GSE Systems Inc.,1.49,$26.65M,n/a,Technology,Computer Software: Prepackaged Software,http://www.nasdaq.com/symbol/gvp,
HCHC,HC2 Holdings Inc.,7.66,$196.04M,n/a,Public Utilities,Telecommunications Equipment,http://www.nasdaq.com/symbol/hchc,
HEB,Hemispherx BioPharma Inc.,0.147,$36.29M,n/a,Health Care,Biotechnology: Biological Products (No Diagnostic Substances),http://www.nasdaq.com/symbol/heb,
HLM^,Hillman Group Capital Trust,30.25,n/a,n/a,n/a,n/a,http://www.nasdaq.com/symbol/hlm^,
HMG,HMG/Courtland Properties Inc.,12.54,$13.04M,n/a,Consumer Services,Real Estate Investment Trusts,http://www.nasdaq.com/symbol/hmg,
HH,Hooper Holmes Inc.,0.149,$11.55M,n/a,Health Care,Hospital/Nursing Management,http://www.nasdaq.com/symbol/hh,
HUSA,Houston American Energy Corporation,0.18,$9.39M,n/a,Energy,Oil & Gas Production,http://www.nasdaq.com/symbol/husa,
IBIO,iBio Inc.,0.71,$54.5M,n/a,Health Care,Major Pharmaceuticals,http://www.nasdaq.com/symbol/ibio,
IBO,IBO (Listing Market - NYSE Amex Network B F),153.82,n/a,n/a,n/a,n/a,http://www.nasdaq.com/symbol/ibo,
IDI,IDI Inc.,6.66,$103.01M,n/a,Consumer Services,Advertising,http://www.nasdaq.com/symbol/idi,
IEC,IEC Electronics Corp.,3.4,$34.64M,n/a,Technology,Electrical Products,http://www.nasdaq.com/symbol/iec,
IG,IGI Laboratories Inc.,7.94,$419.74M,n/a,Health Care,Biotechnology: Biological Products (No Diagnostic Substances),http://www.nasdaq.com/symbol/ig,
IMUC,ImmunoCellular Therapeutics Ltd.,0.424,$38.27M,n/a,Health Care,Major Pharmaceuticals,http://www.nasdaq.com/symbol/imuc,
IMH,Impac Mortgage Holdings Inc.,18.27,$187.02M,1997,Consumer Services,Real Estate Investment Trusts,http://www.nasdaq.com/symbol/imh,
IMO,Imperial Oil Limited,34.58,$29.31B,n/a,Energy,Integrated oil Companies,http://www.nasdaq.com/symbol/imo,
IOT,Income Opportunity Realty Investors Inc.,7.75,$32.3M,n/a,Consumer Services,Real Estate Investment Trusts,http://www.nasdaq.com/symbol/iot,
IRT,Independence Realty Trust Inc.,7.52,$240.34M,2013,Consumer Services,Real Estate Investment Trusts,http://www.nasdaq.com/symbol/irt,
IGC,India Globalization Capital Inc.,0.18,$2.77M,n/a,Consumer Non-Durables,Electronic Components,http://www.nasdaq.com/symbol/igc,
IGC.WS,India Globalization Capital Inc.,n/a,n/a,n/a,n/a,n/a,http://www.nasdaq.com/symbol/igc.ws,
INFU,InfuSystems Holdings Inc.,2.87,$64.39M,n/a,Health Care,Medical/Dental Instruments,http://www.nasdaq.com/symbol/infu,
IHT,InnSuites Hospitality Trust,2.6,$21.49M,n/a,Consumer Services,Real Estate Investment Trusts,http://www.nasdaq.com/symbol/iht,
NSPR,InspireMD Inc.,1.48,$11.52M,n/a,Health Care,Medical/Dental Instruments,http://www.nasdaq.com/symbol/nspr,
IFMI,Institutional Financial Markets Inc.,1.5,$23.07M,n/a,Finance,Investment Bankers/Brokers/Service,http://www.nasdaq.com/symbol/ifmi,
IDN,Intellicheck Mobilisa Inc.,1.08,$10.64M,1999,Technology,Computer Software: Prepackaged Software,http://www.nasdaq.com/symbol/idn,
INS,Intelligent Systems Corporation,2.88,$25.15M,1992,Capital Goods,Metal Fabrications,http://www.nasdaq.com/symbol/ins,
THM,International Tower Hill Mines Ltd,0.342,$39.78M,n/a,Basic Industries,Precious Metals,http://www.nasdaq.com/symbol/thm,
INTT,inTest Corporation,4.15,$43.84M,1997,Capital Goods,Electrical Products,http://www.nasdaq.com/symbol/intt,
INUV,Inuvo Inc,2.84,$68.93M,n/a,Consumer Services,Advertising,http://www.nasdaq.com/symbol/inuv,
VKI,Invesco Advantage Municipal Income Trust II,11.35,$503.72M,n/a,n/a,n/a,http://www.nasdaq.com/symbol/vki,
ISR,IsoRay Inc.,1.4,$77.02M,n/a,Health Care,Medical/Dental Instruments,http://www.nasdaq.com/symbol/isr,
ISDR,Issuer Direct Corporation,7.8999,$18.44M,n/a,Miscellaneous,Publishing,http://www.nasdaq.com/symbol/isdr,
ITI,Iteris Inc.,2.53,$80.99M,n/a,Consumer Durables,Telecommunications Equipment,http://www.nasdaq.com/symbol/iti,
KIQ,Kelso Technologies Inc,1.32,$60.75M,n/a,Capital Goods,Railroads,http://www.nasdaq.com/symbol/kiq,
KLDX,Klondex Mines Ltd.,2.67,$369.72M,n/a,Basic Industries,Precious Metals,http://www.nasdaq.com/symbol/kldx,
LTS,Ladenburg Thalmann Financial Services Inc,2.56,$474.9M,n/a,Finance,Investment Bankers/Brokers/Service,http://www.nasdaq.com/symbol/lts,
LTS^A,Ladenburg Thalmann Financial Services Inc,23.61,n/a,n/a,n/a,n/a,http://www.nasdaq.com/symbol/lts^a,
LSG,Lake Shore Gold Corp,0.9399,$428.84M,n/a,Basic Industries,Precious Metals,http://www.nasdaq.com/symbol/lsg,
LAQ,Latin America Equity Fund Inc. (The),17.629,$131.31M,1991,n/a,n/a,http://www.nasdaq.com/symbol/laq,
LGL,LGL Group Inc. (The),3.82,$10.13M,n/a,Capital Goods,Industrial Machinery/Components,http://www.nasdaq.com/symbol/lgl,
LGL.WS,LGL Group Inc. (The),n/a,n/a,n/a,n/a,n/a,http://www.nasdaq.com/symbol/lgl.ws,
LBY,Libbey Inc.,34.75,$759.07M,1993,Capital Goods,Industrial Machinery/Components,http://www.nasdaq.com/symbol/lby,
LBMH,Liberator Medical Holdings Inc.,2.59,$138.45M,n/a,Health Care,Medical/Nursing Services,http://www.nasdaq.com/symbol/lbmh,
LIQT,LiqTech International Inc.,1,$39.5M,n/a,Technology,Industrial Machinery/Components,http://www.nasdaq.com/symbol/liqt,
LEI,Lucas Energy Inc.,2.85,$4.14M,n/a,Energy,Oil & Gas Production,http://www.nasdaq.com/symbol/lei,
MCZ,Mad Catz Interactive Inc,0.6403,$47.04M,n/a,Consumer Non-Durables,Recreational Products/Toys,http://www.nasdaq.com/symbol/mcz,
MVG,Mag Silver Corporation,8,$554.03M,n/a,Basic Industries,Precious Metals,http://www.nasdaq.com/symbol/mvg,
MHR^C,Magnum Hunter Resources Corporation,3.7,n/a,n/a,n/a,n/a,http://www.nasdaq.com/symbol/mhr^c,
MHR^D,Magnum Hunter Resources Corporation,4.06,n/a,n/a,n/a,n/a,http://www.nasdaq.com/symbol/mhr^d,
MHR^E,Magnum Hunter Resources Corporation,2.07,n/a,n/a,n/a,n/a,http://www.nasdaq.com/symbol/mhr^e,
MJCO,Majesco,4.67,$170.23M,2015,Technology,Computer Software: Prepackaged Software,http://www.nasdaq.com/symbol/mjco,
MSTX,Mast Therapeutics Inc.,0.5,$81.81M,n/a,Health Care,Major Pharmaceuticals,http://www.nasdaq.com/symbol/mstx,
MHH,Mastech Holdings Inc,7.79,$33.76M,n/a,Consumer Services,Professional Services,http://www.nasdaq.com/symbol/mhh,
MDGN,Medgenics Inc.,7.28,$181.49M,2011,Health Care,Biotechnology: Biological Products (No Diagnostic Substances),http://www.nasdaq.com/symbol/mdgn,
MDGN.WS,Medgenics Inc.,n/a,n/a,n/a,n/a,n/a,http://www.nasdaq.com/symbol/mdgn.ws,
IPB,Merrill Lynch & Co. Inc.,26.85,n/a,n/a,Finance,Finance: Consumer Services,http://www.nasdaq.com/symbol/ipb,
MXC,Mexco Energy Corporation,3.22,$6.56M,n/a,Energy,Oil & Gas Production,http://www.nasdaq.com/symbol/mxc,
CCA,MFS California Insured Municipal Trust,11.1,$30.93M,1999,n/a,n/a,http://www.nasdaq.com/symbol/cca,
MGT,MGT Capital Investments Inc,0.41,$5.8M,n/a,Miscellaneous,Multi-Sector Companies,http://www.nasdaq.com/symbol/mgt,
MLSS,Milestone Scientific Inc.,2.98,$63.89M,2015,Health Care,Industrial Specialties,http://www.nasdaq.com/symbol/mlss,
MGH,Minco Gold Corporation,0.1837,$9.3M,n/a,Basic Industries,Precious Metals,http://www.nasdaq.com/symbol/mgh,
MGN,Mines Management Inc.,0.3072,$9.16M,n/a,Basic Industries,Precious Metals,http://www.nasdaq.com/symbol/mgn,
MVF,MuniVest Fund Inc.,9.85,$630.52M,n/a,n/a,n/a,http://www.nasdaq.com/symbol/mvf,
MZA,MuniYield Arizona Fund Inc.,17.1,$78.67M,1993,n/a,n/a,http://www.nasdaq.com/symbol/mza,
NNVC,NanoViricides Inc.,1.32,$75.56M,n/a,Health Care,Biotechnology: Commercial Physical & Biological Resarch,http://www.nasdaq.com/symbol/nnvc,
NHC,National HealthCare Corporation,64.57,$920.24M,n/a,Health Care,Hospital/Nursing Management,http://www.nasdaq.com/symbol/nhc,
NHC^A.CL,National HealthCare Corporation,n/a,n/a,n/a,n/a,n/a,http://www.nasdaq.com/symbol/nhc^a.cl,
NAVB,Navidea Biopharmaceuticals Inc.,2.17,$327.02M,n/a,Health Care,Biotechnology: In Vitro & In Vivo Diagnostic Substances,http://www.nasdaq.com/symbol/navb,
NTIP,Network-1 Technologies Inc.,2.05,$47.78M,n/a,Technology,Computer Software: Prepackaged Software,http://www.nasdaq.com/symbol/ntip,
NBW,Neuberger Berman California Intermediate Municipal Fund Inc.,14.97,$82.97M,2002,n/a,n/a,http://www.nasdaq.com/symbol/nbw,
NHS,Neuberger Berman High Yield Strategies Fund,10.6,$207.13M,n/a,n/a,n/a,http://www.nasdaq.com/symbol/nhs,
NBH,Neuberger Berman Intermediate Municipal Fund Inc.,15.65,$293.69M,2002,n/a,n/a,http://www.nasdaq.com/symbol/nbh,
NML,Neuberger Berman MLP Income Fund Inc.,13.96,$789.07M,2013,n/a,n/a,http://www.nasdaq.com/symbol/nml,
NBO,Neuberger Berman New York Intermediate Municipal Fund Inc.,13.95,$70.81M,2002,n/a,n/a,http://www.nasdaq.com/symbol/nbo,
NRO,Neuberger Berman Real Estate Securities Income Fund Inc.,5.02,$280.05M,2003,n/a,n/a,http://www.nasdaq.com/symbol/nro,
UWN,Nevada Gold & Casinos Inc.,1.74,$28.62M,n/a,Consumer Services,Services-Misc. Amusement & Recreation,http://www.nasdaq.com/symbol/uwn,
NSU,Nevsun Resources Ltd,3.1,$619.32M,n/a,Basic Industries,Precious Metals,http://www.nasdaq.com/symbol/nsu,
GBR,New Concept Energy Inc,1.3595,$2.65M,n/a,Energy,Oil & Gas Production,http://www.nasdaq.com/symbol/gbr,
NEN,New England Realty Associates Limited Partnership,49.69,$188.21M,n/a,Consumer Services,Building operators,http://www.nasdaq.com/symbol/nen,
NGD,NEW GOLD INC.,2.96,$1.51B,n/a,Basic Industries,Precious Metals,http://www.nasdaq.com/symbol/ngd,
HLTH,Nobilis Health Corp.,2.93,$196.42M,2015,Health Care,Hospital/Nursing Management,http://www.nasdaq.com/symbol/hlth,
NSAT,Norsat International Inc.,4.09,$23.85M,n/a,Capital Goods,Industrial Machinery/Components,http://www.nasdaq.com/symbol/nsat,
NAK,Northern Dynasty Minerals Ltd.,0.3632,$47.57M,n/a,Basic Industries,Precious Metals,http://www.nasdaq.com/symbol/nak,
NOG,Northern Oil and Gas Inc.,5.21,$320.95M,n/a,Energy,Oil & Gas Production,http://www.nasdaq.com/symbol/nog,
NBY,NovaBay Pharmaceuticals Inc.,0.33,$24.34M,2007,Health Care,Major Pharmaceuticals,http://www.nasdaq.com/symbol/nby,
NCQ,NovaCopper Inc.,0.41,$42.78M,n/a,Basic Industries,Precious Metals,http://www.nasdaq.com/symbol/ncq,
NG,Novagold Resources Inc.,3.8,$1.21B,n/a,Basic Industries,Precious Metals,http://www.nasdaq.com/symbol/ng,
NTN,NTN Buzztime Inc.,0.3297,$30.47M,n/a,Consumer Services,Broadcasting,http://www.nasdaq.com/symbol/ntn,
NVX,Nuveen California Dividend Advantage Municipal Fund 2,15.19,$224.19M,2001,n/a,n/a,http://www.nasdaq.com/symbol/nvx,
NZH,Nuveen California Dividend Advantage Municipal Fund 3,13.56,$327.5M,n/a,n/a,n/a,http://www.nasdaq.com/symbol/nzh,
NCB,Nuveen California Municipal Value Fund 2,16.65,$54.74M,n/a,n/a,n/a,http://www.nasdaq.com/symbol/ncb,
CFD,Nuveen Diversified Commodity Fund,10.57,$95.63M,2010,n/a,n/a,http://www.nasdaq.com/symbol/cfd,
NXZ,Nuveen Dividend Advantage Municipal Fund 2,13.7,$403.85M,2001,n/a,n/a,http://www.nasdaq.com/symbol/nxz,
NZF,Nuveen Dividend Advantage Municipal Fund 3,13.71,$539.18M,2007,n/a,n/a,http://www.nasdaq.com/symbol/nzf,
NVG,Nuveen Dividend Advantage Municipal Income Fund,14,$373.3M,2002,n/a,n/a,http://www.nasdaq.com/symbol/nvg,
CTF,Nuveen Long/Short Commodity Total Return Fund,15.73,$257.12M,n/a,n/a,n/a,http://www.nasdaq.com/symbol/ctf,
NOM,Nuveen Missouri Premium Income Municipal Fund,14.75,$34.42M,1993,n/a,n/a,http://www.nasdaq.com/symbol/nom,
NMZ,Nuveen Municipal High Income Opportunity Fund,13.54,$678.06M,2003,n/a,n/a,http://www.nasdaq.com/symbol/nmz,
NJV,Nuveen New Jersey Municipal Value Fund,14.16,$21.95M,n/a,n/a,n/a,http://www.nasdaq.com/symbol/njv,
NYV,Nuveen New York Municipal Value Fund 2,15.14,$35.57M,2009,n/a,n/a,http://www.nasdaq.com/symbol/nyv,
NPN,Nuveen Pennsylvania Municipal Value Fund,14.74,$17.97M,2009,n/a,n/a,http://www.nasdaq.com/symbol/npn,
JRS,Nuveen Real Estate Fund,10.75,$310.59M,2001,n/a,n/a,http://www.nasdaq.com/symbol/jrs,
OGEN,Oragenics Inc.,1.39,$50.7M,n/a,Health Care,Major Pharmaceuticals,http://www.nasdaq.com/symbol/ogen,
TIS,Orchids Paper Products Company,29.17,$299.55M,2005,Basic Industries,Paper,http://www.nasdaq.com/symbol/tis,
ONVO,Organovo Holdings Inc.,3.25,$300.39M,n/a,Health Care,Biotechnology: Biological Products (No Diagnostic Substances),http://www.nasdaq.com/symbol/onvo,
ONP,Orient Paper Inc.,1.77,$35.96M,n/a,Consumer Durables,Containers/Packaging,http://www.nasdaq.com/symbol/onp,
OSGB,Overseas Shipholding Group Inc.,3.48,$23.96M,n/a,Transportation,Marine Transportation,http://www.nasdaq.com/symbol/osgb,
ORM,Owens Realty Mortgage Inc.,13.95,$147.05M,2013,Consumer Services,Real Estate Investment Trusts,http://www.nasdaq.com/symbol/orm,
PHF,Pacholder High Yield Fund Inc.,6.38,$82.92M,n/a,n/a,n/a,http://www.nasdaq.com/symbol/phf,
PBM,Pacific Booker Minerals Inc,1.59,$20.1M,n/a,Basic Industries,Precious Metals,http://www.nasdaq.com/symbol/pbm,
PCG^A,Pacific Gas & Electric Co.,28.9625,n/a,n/a,n/a,n/a,http://www.nasdaq.com/symbol/pcg^a,
PCG^B,Pacific Gas & Electric Co.,26.65,n/a,n/a,n/a,n/a,http://www.nasdaq.com/symbol/pcg^b,
PCG^C,Pacific Gas & Electric Co.,25.9015,n/a,n/a,n/a,n/a,http://www.nasdaq.com/symbol/pcg^c,
PCG^D,Pacific Gas & Electric Co.,24.33,n/a,n/a,n/a,n/a,http://www.nasdaq.com/symbol/pcg^d,
PCG^E,Pacific Gas & Electric Co.,24.68,n/a,n/a,n/a,n/a,http://www.nasdaq.com/symbol/pcg^e,
PCG^G,Pacific Gas & Electric Co.,23.7,n/a,n/a,n/a,n/a,http://www.nasdaq.com/symbol/pcg^g,
PCG^H,Pacific Gas & Electric Co.,23.5258,n/a,n/a,n/a,n/a,http://www.nasdaq.com/symbol/pcg^h,
PCG^I,Pacific Gas & Electric Co.,24,n/a,n/a,n/a,n/a,http://www.nasdaq.com/symbol/pcg^i,
PTN,Palatin Technologies Inc.,0.834,$56.74M,n/a,Health Care,Major Pharmaceuticals,http://www.nasdaq.com/symbol/ptn,
PARR,Par Petroleum Corporation,21.73,$806.39M,n/a,Energy,Oil & Gas Production,http://www.nasdaq.com/symbol/parr,
PZG,Paramount Gold Nevada Corp.,1.19,$10.14M,2015,Basic Industries,Precious Metals,http://www.nasdaq.com/symbol/pzg,
PRK,Park National Corporation,92.17,$1.42B,n/a,Finance,Major Banks,http://www.nasdaq.com/symbol/prk,
PED,Pedevco Corp.,0.24,$10.61M,n/a,Energy,Oil & Gas Production,http://www.nasdaq.com/symbol/ped,
PFNX,Pfenex Inc.,16.83,$390.34M,2014,Health Care,Major Pharmaceuticals,http://www.nasdaq.com/symbol/pfnx,
PIP,PharmAthene Inc,1.6668,$107.05M,n/a,Health Care,Major Pharmaceuticals,http://www.nasdaq.com/symbol/pip,
HNW,Pioneer Diversified High Income Trust,15.18,$126.49M,2007,n/a,n/a,http://www.nasdaq.com/symbol/hnw,
PLG,Platinum Group Metals Ltd.,0.3126,$240.37M,n/a,Basic Industries,Precious Metals,http://www.nasdaq.com/symbol/plg,
PLM,Polymet Mining Corp.,0.782,$216.28M,n/a,Basic Industries,Precious Metals,http://www.nasdaq.com/symbol/plm,
PW,Power REIT,4.6,$7.97M,n/a,Consumer Services,Real Estate Investment Trusts,http://www.nasdaq.com/symbol/pw,
PW^A,Power REIT,24.9,n/a,n/a,n/a,n/a,http://www.nasdaq.com/symbol/pw^a,
PLX,Protalix BioTherapeutics Inc.,1.02,$96.03M,n/a,Health Care,Biotechnology: Biological Products (No Diagnostic Substances),http://www.nasdaq.com/symbol/plx,
PVCT,Provectus Biopharmaceuticals Inc.,0.55,$112.51M,n/a,Health Care,Major Pharmaceuticals,http://www.nasdaq.com/symbol/pvct,
PVCT.WS,Provectus Biopharmaceuticals Inc.,n/a,n/a,n/a,n/a,n/a,http://www.nasdaq.com/symbol/pvct.ws,
RLGT,Radiant Logistics Inc.,4.09,$199.3M,n/a,Transportation,Oil Refining/Marketing,http://www.nasdaq.com/symbol/rlgt,
RLGT^A,Radiant Logistics Inc.,27,n/a,n/a,n/a,n/a,http://www.nasdaq.com/symbol/rlgt^a,
REE,Rare Element Resources Ltd.,0.2802,$14.83M,n/a,Basic Industries,Precious Metals,http://www.nasdaq.com/symbol/ree,
UTG,Reaves Utility Income Fund,29.86,$866.37M,2004,n/a,n/a,http://www.nasdaq.com/symbol/utg,
REED,Reeds Inc.,5.07,$66.53M,n/a,Consumer Non-Durables,Beverages (Production/Distribution),http://www.nasdaq.com/symbol/reed,
RWC,RELM Wireless Corporation,4.5,$61.73M,n/a,Technology,Radio And Television Broadcasting And Communications Equipment,http://www.nasdaq.com/symbol/rwc,
RCG,RENN Fund Inc.,0.915,$4.08M,n/a,n/a,n/a,http://www.nasdaq.com/symbol/rcg,
RVP,Retractable Technologies Inc.,3.67,$102.26M,n/a,Health Care,Medical/Dental Instruments,http://www.nasdaq.com/symbol/rvp,
RNN,Rexahn Pharmaceuticals Inc.,0.4792,$86.59M,n/a,Health Care,Major Pharmaceuticals,http://www.nasdaq.com/symbol/rnn,
RIC,Richmont Mines Inc.,3.16,$183.49M,n/a,Basic Industries,Precious Metals,http://www.nasdaq.com/symbol/ric,
REI,Ring Energy Inc.,10.69,$324.88M,n/a,Energy,Oil & Gas Production,http://www.nasdaq.com/symbol/rei,
RIF,RMR Real Estate Income Fund.,19.04,$145.68M,n/a,n/a,n/a,http://www.nasdaq.com/symbol/rif,
RBY,Rubicon Minerals Corp,0.4847,$191.42M,n/a,Basic Industries,Precious Metals,http://www.nasdaq.com/symbol/rby,
SGA,Saga Communications Inc.,42.8,$248.69M,n/a,Consumer Services,Broadcasting,http://www.nasdaq.com/symbol/sga,
SSN,Samson Oil & Gas Limited,0.8551,$12.13M,n/a,Energy,Oil & Gas Production,http://www.nasdaq.com/symbol/ssn,
SPP,Sanchez Production Partners LP,10.48,$33.01M,n/a,Energy,Oil & Gas Production,http://www.nasdaq.com/symbol/spp,
SAND          ,Sandstorm Gold Ltd,3.03,$358.31M,n/a,Basic Industries,Precious Metals,http://www.nasdaq.com/symbol/sand          ,
SEB,Seaboard Corporation,3156,$3.69B,1996,Finance,Investment Bankers/Brokers/Service,http://www.nasdaq.com/symbol/seb,
SVT,Servotronics Inc.,6.9999,$17.07M,n/a,Capital Goods,Industrial Machinery/Components,http://www.nasdaq.com/symbol/svt,
SIF,SIFCO Industries Inc.,12.36,$67.34M,n/a,Capital Goods,Aerospace,http://www.nasdaq.com/symbol/sif,
SKY,Skyline Corporation,2.75,$23.08M,n/a,Basic Industries,Homebuilding,http://www.nasdaq.com/symbol/sky,
SLI,SL Industries Inc.,33.6,$133.06M,n/a,Capital Goods,Industrial Machinery/Components,http://www.nasdaq.com/symbol/sli,
XPL,Solitario Exploration & Royalty Corp,0.58,$22.76M,n/a,Basic Industries,Precious Metals,http://www.nasdaq.com/symbol/xpl,
SCE^B,Southern California Edison Company,22.1545,n/a,n/a,n/a,n/a,http://www.nasdaq.com/symbol/sce^b,
SCE^C,Southern California Edison Company,22.8,n/a,n/a,n/a,n/a,http://www.nasdaq.com/symbol/sce^c,
SCE^D,Southern California Edison Company,23.15,n/a,n/a,n/a,n/a,http://www.nasdaq.com/symbol/sce^d,
SCE^E,Southern California Edison Company,24.48,n/a,n/a,n/a,n/a,http://www.nasdaq.com/symbol/sce^e,
SGB,Southwest Georgia Financial Corporation,14.62,$37.25M,n/a,Finance,Major Banks,http://www.nasdaq.com/symbol/sgb,
LOV,Spark Networks Inc.,3.41,$85.82M,n/a,Miscellaneous,Business Services,http://www.nasdaq.com/symbol/lov,
STRP,Straight Path Communications Inc.,42.52,$509.09M,2013,Public Utilities,Telecommunications Equipment,http://www.nasdaq.com/symbol/strp,
SSY,SunLink Health Systems Inc.,1.69,$15.96M,n/a,Health Care,Hospital/Nursing Management,http://www.nasdaq.com/symbol/ssy,
SDPI,Superior Drilling Products Inc.,1.4,$24.21M,2014,Energy,Metal Fabrications,http://www.nasdaq.com/symbol/sdpi,
STS,Supreme Industries Inc.,8.16,$136.13M,n/a,Capital Goods,Construction/Ag Equipment/Trucks,http://www.nasdaq.com/symbol/sts,
SYRG,Synergy Resources Corporation,11.35,$1.19B,n/a,Energy,Oil & Gas Production,http://www.nasdaq.com/symbol/syrg,
SYN,Synthetic Biologics Inc,2.38,$210.67M,n/a,Health Care,Major Pharmaceuticals,http://www.nasdaq.com/symbol/syn,
TRX,Tanzanian Royalty Exploration Corporation,0.3192,$34.3M,n/a,Basic Industries,Precious Metals,http://www.nasdaq.com/symbol/trx,
TGB,Taseko Mines Limited,0.5429,$120.42M,n/a,Basic Industries,Precious Metals,http://www.nasdaq.com/symbol/tgb,
TAS,Tasman Metals Ltd,0.2818,$18.64M,n/a,Basic Industries,Precious Metals,http://www.nasdaq.com/symbol/tas,
TRC.WS,Tejon Ranch Co,n/a,n/a,n/a,n/a,n/a,http://www.nasdaq.com/symbol/trc.ws,
TIK,Tel-Instrument Electronics Corp.,5.23,$17.03M,n/a,Capital Goods,Electrical Products,http://www.nasdaq.com/symbol/tik,
TGC,Tengasco Inc.,0.265,$16.12M,n/a,Energy,Oil & Gas Production,http://www.nasdaq.com/symbol/tgc,
GLU,The Gabelli Global Utility and Income Trust,17.34,$71.29M,2004,n/a,n/a,http://www.nasdaq.com/symbol/glu,
GLU^A,The Gabelli Global Utility and Income Trust,50.55,n/a,n/a,n/a,n/a,http://www.nasdaq.com/symbol/glu^a,
TXMD,TherapeuticsMD Inc.,6.21,$1.1B,n/a,Health Care,Major Pharmaceuticals,http://www.nasdaq.com/symbol/txmd,
TPI,Tianyin Pharmaceutical Co. Inc.,0.22,$6.48M,n/a,Health Care,Major Pharmaceuticals,http://www.nasdaq.com/symbol/tpi,
TLR,Timberline Resources Corporation,0.53,$5.25M,n/a,Basic Industries,Precious Metals,http://www.nasdaq.com/symbol/tlr,
TGD,Timmons Gold Corp,0.257,$73.24M,2011,Basic Industries,Precious Metals,http://www.nasdaq.com/symbol/tgd,
TOF,Tofutti Brands Inc.,4.55,$23.45M,n/a,Consumer Non-Durables,Specialty Foods,http://www.nasdaq.com/symbol/tof,
TMP,Tompkins Financial Corporation,54.2,$809.86M,n/a,Finance,Major Banks,http://www.nasdaq.com/symbol/tmp,
TAT,Transatlantic Petroleum Ltd,2.82,$115.64M,n/a,Energy,Oil & Gas Production,http://www.nasdaq.com/symbol/tat,
TRXC,TransEnterix Inc.,2.38,$201.25M,n/a,Health Care,Medical/Dental Instruments,http://www.nasdaq.com/symbol/trxc,
TPLM,Triangle Petroleum Corporation,1.49,$112.5M,n/a,Energy,Oil & Gas Production,http://www.nasdaq.com/symbol/tplm,
TRT,Trio-Tech International,2.48,$8.71M,n/a,Technology,Industrial Machinery/Components,http://www.nasdaq.com/symbol/trt,
HTM,U.S. Geothermal Inc.,0.6,$64.55M,n/a,Public Utilities,Electric Utilities: Central,http://www.nasdaq.com/symbol/htm,
UFAB,Unique Fabricating Inc.,12.58,$119.15M,2015,Capital Goods,Auto Parts:O.E.M.,http://www.nasdaq.com/symbol/ufab,
UAMY,United States Antimony Corporation,0.35,$23.18M,n/a,Capital Goods,Metal Fabrications,http://www.nasdaq.com/symbol/uamy,
UUU,Universal Security Instruments Inc.,5.4,$12.49M,n/a,Consumer Non-Durables,Electronic Components,http://www.nasdaq.com/symbol/uuu,
UQM,UQM TECHNOLOGIES INC,0.53,$21.49M,n/a,Capital Goods,Industrial Machinery/Components,http://www.nasdaq.com/symbol/uqm,
URG,Ur Energy Inc,0.615,$80.07M,n/a,Basic Industries,Precious Metals,http://www.nasdaq.com/symbol/urg,
UEC,Uranium Energy Corp.,1.2,$111.09M,n/a,Basic Industries,Precious Metals,http://www.nasdaq.com/symbol/uec,
VSR,Versar Inc.,3.44,$33.77M,1986,Consumer Services,Military/Government/Technical,http://www.nasdaq.com/symbol/vsr,
VII,Vicon Industries Inc.,1.63,$15M,n/a,Consumer Durables,Telecommunications Equipment,http://www.nasdaq.com/symbol/vii,
VHC,VirnetX Holding Corp,3.95,$206.84M,n/a,Miscellaneous,Multi-Sector Companies,http://www.nasdaq.com/symbol/vhc,
VGZ,Vista Gold Corporation,0.328,$27.12M,n/a,Basic Industries,Precious Metals,http://www.nasdaq.com/symbol/vgz,
VNRX,VolitionRX Limited,4.63,$83.62M,2015,Health Care,Biotechnology: In Vitro & In Vivo Diagnostic Substances,http://www.nasdaq.com/symbol/vnrx,
VISI,Volt Information Sciences Inc.,8.53,$177.42M,n/a,Technology,Professional Services,http://www.nasdaq.com/symbol/visi,
EAD,Wells Fargo Advantage Income Opportunities Fund,7.78,$552.25M,2003,n/a,n/a,http://www.nasdaq.com/symbol/ead,
ERC,Wells Fargo Advantage Multi-Sector Income Fund,11.87,$499.19M,2003,n/a,n/a,http://www.nasdaq.com/symbol/erc,
ERH,Wells Fargo Advantage Utilities and High Income Fund,11.44,$105.6M,2004,n/a,n/a,http://www.nasdaq.com/symbol/erh,
SBI,Western Asset Intermediate Muni Fund Inc,9.99,$140.63M,1992,n/a,n/a,http://www.nasdaq.com/symbol/sbi,
WRN,Western Copper and Gold Corporation,0.2984,$28.11M,2011,Basic Industries,Precious Metals,http://www.nasdaq.com/symbol/wrn,
WYY,WidePoint Corporation,0.86,$70.97M,n/a,Technology,EDP Services,http://www.nasdaq.com/symbol/wyy,
WTT,Wireless Telecom Group  Inc.,1.71,$33.56M,n/a,Capital Goods,Electrical Products,http://www.nasdaq.com/symbol/wtt,
YUMA,Yuma Energy Inc.,0.54,$38.65M,n/a,Energy,Oil & Gas Production,http://www.nasdaq.com/symbol/yuma,
YUMA^A,Yuma Energy Inc.,10.52,n/a,n/a,n/a,n/a,http://www.nasdaq.com/symbol/yuma^a,
